<application>

	<name>CFB SpoolMail</name>
	<author>John Ramon</author>
	<version>1.0</version>
	<email>johnramon@gmail.com</email>	
	<description>Opens SpoolMail in CFB</description>	
	<license>license.html</license>


	<menucontributions>
		<contribution target="editor">
			<menu name="CFB SpoolMail">
				<action name="SpoolMail" handlerid="mailHandler" showresponse="true">			
				</action>
			</menu>
		</contribution>	
	</menucontributions>
		
	<handlers>
		<handler id="mailHandler" type="cfm" filename="index.cfm" />
	</handlers>

</application>

